date,title,url,source,topic,num_articles
2021-08-11,"'Hard Knocks' Power Rankings: Dak Prescott, Mike McCarthy among winners and losers from Episode 1 - CBS Sports",https://slashdot.org/firehose.pl?op=view&amp;id=150172067,,Hard Knocks 2021,47
2021-08-11,"NFL playoff teams that could miss postseason in 2021, plus Carson Wentz on track to play in Week 1",https://www.cbssports.com/nfl/news/nfl-playoff-teams-that-could-miss-postseason-in-2021-plus-carson-wentz-on-track-to-play-in-week-1/,,Hard Knocks 2021,4
2021-08-11,Chris Cuomo Defied CNN Ban On Advising His Sex-Pest Brother And Told Him To Resign: Host Is Spotted Stepping Off His Boat In Hamptons Shortly After Andrew Quit,http://www.womensystems.com/2021/08/chris-cuomo-defied-cnn-ban-on-advising.html,,Kerry Kennedy,271
2021-08-11,"Messi joins PSG: Lionel Messi talks about playing with Neymar, Ramos at the press conference with PSG President Nasser Al-Khelaifi, Follow Live Updates - InsideSport",https://www.insidesport.co/messi-joins-psg-lionel-messi-talks-about-playing-with-neymar-ramos-and-more-at-the-press-conference-with-psg-president-nasser-al-khelaifi-check-all-details/,,PSG,83
2021-08-11,Christina Applegate announces multiple sclerosis diagnosis,https://www.scotsman.com/health/christina-applegate-announces-multiple-sclerosis-diagnosis-heres-what-multiple-sclerosis-is-and-what-the-actress-said-about-it-3341214,,Christina Applegate,4
2021-08-11,Idris Elba joins ‘Sonic the Hedgehog 2’ as voice of Knuckles,https://www.foxnews.com/entertainment/idris-elba-sonic-the-hedgehog-2-knuckles,,Idris Elba,16
2021-08-11,'This is a mistake': Steve Bannon slams Mike Lindell's 'cyber symposium' for failing to 'bring the receipts',https://www.rawstory.com/steve-bannon-mike-lindell/,,Mike Lindell,7
2021-08-11,OANN and Newsmax sued by Dominion over voting systems coverage,https://www.nydailynews.com/news/national/ny-oan-newsmax-fox-news-dominion-voting-systems-lawsuit-20210811-aw7u7pmw7bhq3bbujyvf3xfyei-story.html,,Mike Lindell,5
2021-08-11,Exterran Corp (EXTN) Q2 2021 Earnings Call Transcript,https://www.fool.com/earnings/call-transcripts/2021/08/10/exterran-corp-extn-q2-2021-earnings-call-transcrip/,,Infrastructure bill 2021,9
2021-08-12,"Daywatch: Chicago cop’s death continues to roil city, CPS rejects remote plea from parents group, and meet the Oak Lawn woman behind the Field of Dreams game",https://www.chicagotribune.com/news/ct-aud-cb-daywatch-newsletter-aug12-20210812-6jd3ngahozggrh5k72o4modljy-story.html,,Field of Dreams Game,208
2021-08-12,2022 MTV Video Music Award Nominations,https://ohnotheydidnt.livejournal.com/121406942.html,,Machine Gun Kelly,4
2021-08-12,Tom Hanks' son Chet doubles down on his anti-COVID vaccine stance in Instagram rant,https://www.dailymail.co.uk/news/article-9885653/Tom-Hanks-son-Chet-doubles-anti-COVID-vaccine-stance-Instagram-rant.html,,Tom Hanks son Chet,15
2021-08-12,Covid-19 latest updates: FDA set to approve coronavirus booster shots for immunocompromised people - The Washington Post,https://www.washingtonpost.com/nation/2021/08/12/coronavirus-covid-live-updates-us/,,Immunocompromised,39
2021-08-12,Chloe Bennet leaves live-action Powerpuff Girls show,https://www.gamesradar.com/chloe-bennet-leaves-live-action-powerpuff-girls-show/,,Chloe Bennet,4
2021-08-12,‘Jeopardy!’ Officially Brings In Mike Richards and Mayim Bialik As New Hosts,https://hypebeast.com/2021/8/jeopardy-hosts-mike-richards-mayim-biyalik-alex-trebek,,Jeopardy new host,17
2021-08-12,Furious that LeVar Burton isn't the new 'Jeopardy!' host? You're not alone,https://www.latimes.com/entertainment-arts/tv/story/2021-08-12/jeopardy-host-mike-richards-mayim-bialik-levar-burton,,Jeopardy new host,4
2021-08-12,James Wiseman loses mind on Gary Payton II's Summer League dunk,https://sports.yahoo.com/james-wiseman-loses-mind-gary-153306243.html,,Gary Payton II,4
2021-08-12,Look to the sky tonight to get a glimpse of the Perseid Meteor Shower - Hawaii News Now,https://www.hawaiinewsnow.com/2021/08/12/look-sky-tonight-get-glimpse-perseid-meteor-shower/,,Meteor shower tonight,11
2021-08-12,Who Is 'Kissing Booth' Star Joey King Dating and Why Did She and Jacob Elordi Break Up?,https://www.newsweek.com/joey-king-dating-boyfriend-jacob-elordi-steven-piet-kissing-booth-1618709,,Kissing Booth 3,3
2021-08-12,Romelu Lukaku Rejoins Chelsea For Club Record Fee From Inter Milan,https://sports.ndtv.com/english-premier-league/romelu-lukaku-rejoins-chelsea-for-club-record-fee-from-inter-milan-2509180,,Chelsea,18
2021-08-12,"'We Deserved to Win', Says Thomas Tuchel as Chelsea Stuns Villarreal to Claim UEFA Super Cup Title",https://sputniknews.com/sport/202108121083585889-we-deserved-to-win-says-thomas-tuchel-as-chelsea-stuns-villarreal-to-claim-uefa-super-cup-title/,,Chelsea,11
2021-08-12,"Samsung Galaxy Watch 4, Galaxy Watch 4 Classic Will Be Powered By Google’s New Wear OS",https://www.ubergizmo.com/2021/08/samsung-galaxy-watch-4-announced/,,Samsung,58
2021-08-13,How Marcus Maye treats Jets is example of why he deserves new contract,https://nypost.com/2021/08/12/marcus-mayes-leadership-big-reason-he-deserves-new-jets-contract/,,Free Guy,2
2021-08-13,"‘The Premise’ Creator B.J. Novak On FX Anthology Examining “Stories Of Our Time”, His Attempt To Cast Jack Nicholson, & Screening Pop Star Episode For Billie Eilish – TCA",https://deadline.com/2021/08/the-premise-creator-bj-novak-jack-nicholson-billie-eilish-lucas-hedges-ayo-edebiri-fx-tca-1234814381/,,Ben Platt,453
2021-08-13,Virgil van Dijk: Liverpool defender signs deal until 2025,https://www.bbc.co.uk/sport/football/58198972,,Premier League,2
2021-08-13,Football without the fans: New study reveals effect of empty stadiums during pandemic,https://phys.org/news/2021-08-football-fans-reveals-effect-stadiums.html,,Premier League,3
2021-08-13,Acura Confirms Integra Return for 2022,https://www.thetruthaboutcars.com/2021/08/acura-confirms-integra-return-for-2022/,,Acura Integra 2022,19
2021-08-13,"Nike Air Presto ""What The"" Calls Out a Plethora of the Model's Past Colorways",https://hypebeast.com/2021/8/nike-air-presto-what-the-dm9554-900,,Travis Scott,2
2021-08-13,Kourtney Kardashian Responds to Body Shamers Who Called Her Pregnant,https://www.complex.com/pop-culture/kourtney-kardashian-responds-body-shamers-who-called-her-pregnant,,Travis Scott,5
2021-08-13,Kourtney Kardashian goes MAKE-UP FREE and wears $32 SKIMS bra for sultry selfies in her closet,https://www.dailymail.co.uk/tvshowbiz/article-9889857/Kourtney-Kardashian-goes-MAKE-FREE-wears-32-SKIMS-bra-sultry-selfies-closet.html,,Travis Scott,2
2021-08-13,November 2021 DC Comics revealed: A whole lot of Batman,https://www.gamesradar.com/dc-solicitations-november-2021/,,Travis Scott,3
2021-08-13,"Everton news: James - Benitez feud latest, Insigne linked",https://royalbluemersey.sbnation.com/2021/8/13/22622004/everton-news-james-rodriguez-rafa-benitez-feud-lorenzo-insigne-transfer-rumours-tottenham-liverpool,,La Liga,3
2021-08-13,Fast-spreading COVID-19 Delta variant is starting to hit corporate America,https://finance.yahoo.com/news/fast-spreading-covid-19-delta-variant-is-starting-to-hit-corporate-america-123154263.html,,Disney stock,2
2021-08-13,Disney CEO Defends Disney+ Releases Following Scarlett Johansson’s ‘Black Widow’ Lawsuit,https://www.etonline.com/disney-ceo-defends-disney-releases-following-scarlett-johanssons-black-widow-lawsuit-170433,,Disney stock,2
2021-08-13,European shares inch up to record high for 10th consecutive session,https://www.irishtimes.com/business/markets/european-shares-inch-up-to-record-high-for-10th-consecutive-session-1.4646553,,Disney stock,2
2021-08-13,"BM Technologies, Inc. (BMTX) CEO Luvleen Sidhu on Q2 2021 Results - Earnings Call Transcript",https://seekingalpha.com/article/4449402-bm-technologies-inc-bmtx-ceo-luvleen-sidhu-on-q2-2021-results-earnings-call-transcript,,SoFi stock,5
2021-08-13,Broadway star Laura Osnes removed after refusing Covid-19 vaccination,https://www.nzherald.co.nz/entertainment/broadway-star-laura-osnes-removed-after-refusing-covid-19-vaccination/S5GO3N3TFRJMPIHNZFX4DWIPGM/,,Laura Osnes,13
2021-08-13,"‘We are hungry for change’: Boston on the brink of election of first non-white, female mayor",https://amp.theguardian.com/us-news/2021/aug/13/boston-mayoral-election-historic-race,,Big Brother,2
2021-08-13,Apple TV+’s ‘CODA’ is a familiar and heartwarming coming-of-age story,https://www.dailydot.com/unclick/apple-tv-plus-coda-review/,,Big Brother,2
2021-08-13,"'SNL' Alum Horatio Sanz Accused of Grooming, Sexually Assaulting Underage Fan in New Lawsuit",https://www.complex.com/pop-culture/snl-horatio-sanz-accused-grooming-sexually-assaulting-underage-fan-lawsuit/,,Horatio Sanz,17
2021-08-13,Left-Handers Day 2021: the history behind the celebration and 13 facts about the wonderful left,https://www.telegraph.co.uk/news/2021/08/13/left-handers-day-2021-what-history-facts-why-celebrate-celebrities/,,Left-Handers Day 2021,3
2021-08-14,Soccer-Watford hold on to make winning Premier League return against Villa,https://www.channelnewsasia.com/sport/soccer-watford-hold-make-winning-premier-league-return-against-villa-2113116,,Premier League,3
2021-08-14,Powerful earthquake strikes Haiti,https://www.nytimes.com/live/2021/08/14/world/haiti-earthquake,,Haiti earthquake,3
2021-08-14,"Major earthquake strikes Haiti, felt across Caribbean",https://www.channelnewsasia.com/world/major-earthquake-strikes-haiti-felt-across-caribbean-2112916,,Haiti earthquake,3
2021-08-14,Here’s what the Bears want to see from Justin Fields in his preseason debut,https://bearswire.usatoday.com/2021/08/14/bears-justin-fields-needs-to-master-nuances-of-offense-in-preseason-debut/,,Chicago Bears,3
2021-08-14,Justin Fields scores first Bears touchdown of preseason,https://sports.yahoo.com/justin-fields-scores-first-bears-191124502.html,,Chicago Bears,3
2021-08-14,"Dodgers star Trevor Bauer, on leave amid assault probe, was subject of previous protection order - The Washington Post",https://www.washingtonpost.com/sports/2021/08/14/trevor-bauer-ohio-protection-order/,,Trevor Bauer,3
2021-08-14,PSG fans give Messi huge ovation; Galtier's Nice routs Lille,https://www.independent.co.uk/news/leo-messi-christophe-galtier-nice-psg-lille-b1902756.html,,PSG,3
2021-08-14,'Ronaldo would be dying to be here' - Di Maria says Messi deal is 'much better' for PSG,https://www.goal.com/en/news/ronaldo-di-maria-messi-deal-much-better-for-psg/oll5a0sjp3xg1qo3g5e6b0k2y,,PSG,3
2021-08-14,"Aaron Rodgers, others plead with Packers to sign Clay Matthews",https://www.foxnews.com/sports/aaron-rodgers-others-plead-with-packers-to-sign-clay-matthews,,Packers,3
2021-08-14,Manchester United complete signing of Raphael Varane from Real Madrid,https://indianexpress.com/article/sports/football/raphael-varane-manchester-united-transfer-signing-complete-7453750/,,Real Madrid,3
2021-08-14,"Soccer-Chelsea, Man Utd and Liverpool off to flying starts",https://www.channelnewsasia.com/sport/soccer-chelsea-man-utd-and-liverpool-flying-starts-2113201,,Manchester United,3
2021-08-14,Soccer-Fernandes fires hat-trick as Man United thrash Leeds in season opener,https://www.channelnewsasia.com/sport/soccer-fernandes-fires-hat-trick-man-united-thrash-leeds-season-opener-2112946,,Manchester United,3
2021-08-14,◆ブンデス◆1節 ウニオン×ﾚｳﾞｧｰｸｰｾﾞﾝ ウニオン先制も薬屋追いつきドロー、原口先発81分までプレー,https://worldfn.net/archives/58362169.html,,Bundesliga,4
2021-08-14,‘South Park’ Creators Buy Casa Bonita Restaurant That Featured On The Show,https://www.huffpost.com/entry/bc-us-south-park-casa-bonita_n_6117a669e4b0a2603b7e3e9c,,Denver Broncos,4
2021-08-14,Messi unveiled ahead of PSG match but is not included in match squad,https://bdnews24.com/sport/2021/08/15/messi-unveiled-ahead-of-psg-match-but-is-not-included-in-match-squad,,PSG,4
2021-08-14,"Miami Dolphins vs. Chicago Bears live stream, TV channel, start time, odds, how to watch the NFL",https://ftw.usatoday.com/2021/08/miami-dolphins-vs-chicago-bears-live-stream-tv-channel-start-time-odds-how-to-watch-the-nfl,,Chicago Bears,7
2021-08-14,"Manchester United vs Leeds LIVE: Premier League team news, line-ups and more today",https://www.independent.co.uk/sport/football/manchester-united-leeds-live-stream-premier-league-2021-b1902598.html,,Manchester United,7
2021-08-14,Nicki Minaj and husband Kenneth Petty sued by sex assault victim,https://www.bbc.co.uk/news/world-us-canada-58209403,,Nicki Minaj,17
2021-08-14,7.2 magnitude earthquake hits off the coast of Haiti,https://www.denverpost.com/2021/08/14/7-2-magnitude-earthquake-hits-off-the-coast-of-haiti/,,Haiti,22
2021-08-15,"Return of Taliban in Afghanistan could accelerate rise of terror groups, top US general warns",https://amp.theguardian.com/world/2021/aug/15/afghanistan-taliban-terrorist-groups,The Guardian,Afghanistan,4
2021-08-15,5 things we learned from this weekend’s Premier League action,https://www.independent.co.uk/sport/football/manchester-city-premier-league-arsenal-brentford-harry-kane-b1903016.html,Independent,Harry Kane,4
2021-08-15,Former Seahawks linebacker Mychal Kendricks to sign with rival 49ers,https://seahawkswire.usatoday.com/2021/08/15/former-seahawks-linebacker-mychal-kendricks-to-sign-49ers/,USA Today,49ers,4
2021-08-15,Barcelona start post-Messi era with win over Real Sociedad,https://www.irishtimes.com/sport/soccer/barcelona-start-post-messi-era-with-win-over-real-sociedad-1.4647833,The Irish Times,PSG,5
2021-08-15,Messi gets rapturous reception before watching PSG beat Strasbourg,https://timesofindia.indiatimes.com/sports/football/top-stories/lionel-messi-gets-rapturous-reception-before-watching-psg-beat-strasbourg/articleshow/85342724.cms,The Times of India,PSG,6
2021-08-15,Naomi Osaka to donate prize money to Haitian earthquake relief efforts,https://www.abc.net.au/news/2021-08-15/naomi-osaka-to-donate-prize-money-to-haitian-earthquake-relief/100378366,ABC News (AU),Haiti Earthquake,8
2021-08-15,Afghan President Ghani flees country as Taliban surrounds Kabul,https://www.aljazeera.com/news/2021/8/15/afghan-president-ghani-flees-country-as-taliban-surrounds-kabul,Al Jazeera English,Afghanistan,14
2021-08-15,‘Game Of Thrones’ Co-Stars Jason Momoa & Emilia Clarke Share Reunion,https://etcanada.com/news/809862/game-of-thrones-co-stars-jason-momoa-emilia-clarke-share-reunion/,ETCanada.com,Jason Momoa,14
2021-08-15,'Top 100 Players of 2021': Jason Kelce No. 92,https://sports.yahoo.com/top-100-players-2021-jason-211608059.html,Yahoo Entertainment,Packers,14
2021-08-15,Travis Barker flies for the first time in 13 YEARS with Kourtney Kardashian after deadly plane crash,https://www.dailymail.co.uk/tvshowbiz/article-9894845/Travis-Barker-flies-time-13-YEARS-Kourtney-Kardashian-deadly-plane-crash.html,Daily Mail,Travis Barker plane crash,19
2021-08-15,Gerd Muller dead: Germany and Bayern Munich legend dies aged 75,https://www.telegraph.co.uk/football/2021/08/15/gerd-muller-dead-germany-bayern-munich-legend-dies-aged-75/,Telegraph.co.uk,Gerd Muller,25
2021-08-15,"Boxing-Nico Ali Walsh, grandson of Muhammad Ali, wins pro fight debut",https://www.channelnewsasia.com/sport/boxing-nico-ali-walsh-grandson-muhammad-ali-wins-pro-fight-debut-2113981,CNA,Muhammad Ali,27
2021-08-15,Fuel tanker explosion kills 20 people in Lebanon,https://www.thejournal.ie/lebanon-fuel-tanker-explosion-shortage-5523559-Aug2021/,TheJournal.ie,Lebanon,39
2021-08-15,"Death toll from Haiti earthquake rises to more than 700, rescuers look for survivors",https://www.cbc.ca/news/world/haiti-earthquake-death-toll-climbs-1.6141724,CBC News,Haiti Earthquake,52
2021-08-15,"NFL DFS, Preseason Week 1: Best DraftKings, FanDuel daily Fantasy football picks for Panthers vs. Colts",https://www.cbssports.com/nfl/news/nfl-dfs-preseason-week-1-best-draftkings-fanduel-daily-fantasy-football-picks-for-panthers-vs-colts/,CBS Sports,Colts,231
2021-08-16,Streamer accidentally discovers new Metal Gear Solid speedrunning skip by getting blasted through a door,https://www.destructoid.com/metal-gear-solid-speedrun-boba-discovery-kevin/,Destructoid,Snake,4
2021-08-16,"Soccer-Barca can escape financial hole in 18 months, president says - Reuters",https://www.reuters.com/lifestyle/sports/soccer-barca-can-escape-financial-hole-18-months-president-says-2021-08-16/,Reuters,Barcelona,4
2021-08-16,GOP Sen. Rick Scott brings up 25th Amendment while criticizing Biden's Afghanistan exit,https://theweek.com/joe-biden/1003783/gop-sen-rick-scott-brings-up-25th-amendment-while-criticizing-bidens-afghanistan,The Week Magazine,25th Amendment,5
2021-08-16,CNN Nukes Ted Cruz For Criticizing Reporter On The Ground In Kabul,https://dailycaller.com/2021/08/16/cnn-responds-ted-cruz-clarissa-ward-tweet-kabul-taliban/,The Daily Caller,CNN live,6
2021-08-16,Top 10 Best long necklaces for women Reviews,https://thatsnerdalicious.com/top-10-best-long-necklaces-for-women-reviews/,Thatsnerdalicious.com,Snake,7
2021-08-16,Demario Davis finds his spot on the NFL Network Top 100 Players of 2021,https://saintswire.usatoday.com/2021/08/16/demario-davis-finds-his-spot-on-the-nfl-network-top-100-players-of-2021/,USA Today,NFL Top 100 Players of 2021,10
2021-08-16,Nine Super League rebels rejoin European Club Association,http://www.euractiv.com/section/economy-jobs/news/nine-super-league-rebels-rejoin-european-club-association/,EURACTIV,Barcelona,10
2021-08-16,Debra Winger quit ‘A League of Their Own’ after Madonna was cast,https://www.https://pagesix.com/2021/08/15/why-debra-winger-dropped-out-of-a-league-of-their-own/,Www.https,Madonna,13
2021-08-16,Madonna Brings Entire Catalog to Warner Music as Part of New ‘Career-Spanning Partnership’,https://variety.com/2021/music/news/madonna-catalog-warner-music-1235042012/,Variety,Madonna,14
2021-08-16,Barcelona news: President Joan Laporta reveals extent of club's financial woes after Lionel Messi departure,https://www.cbssports.com/soccer/news/barcelona-news-president-joan-laporta-reveals-extent-of-clubs-financial-woes-after-lionel-messi-departure/,CBS Sports,Barcelona,14
2021-08-16,'Top 100 Players of 2021': Lavonte David No. 43,https://sports.yahoo.com/top-100-players-2021-lavonte-020905013.html,Yahoo Entertainment,NFL Top 100 Players of 2021,22
2021-08-16,"Tropical Storm Henri could form soon, Fred forecast to hit Florida, Grace menaces Haiti",https://news.yahoo.com/tropical-storm-henri-could-form-113941388.html,Yahoo Entertainment,Tropical storm warning,23
2021-08-16,"Cardi B Defends Lizzo After She Breaks Down In Tears Over Racist, Body-Shaming Comments - Access Hollywood",https://www.accessonline.com/videos/cardi-b-defends-lizzo-after-she-breaks-down-in-tears-over-racist-body-shaming-comments,Access,Lizzo,29
2021-08-16,Call Of Duty: Vanguard Official Reveal Dropping August 19 In Warzone,https://www.gamespot.com/articles/call-of-duty-vanguard-official-reveal-dropping-august-19-in-warzone/1100-6495194/,GameSpot,Call of Duty: Vanguard,35
2021-08-16,US Women's National Team Legend Carli Lloyd Announces Retirement - U.S. Soccer,https://www.ussoccer.com/stories/2021/08/uswnt-legend-carli-lloyd-announces-retirement,U.S. Soccer,Carli Lloyd,37
2021-08-16,Bob Dylan sued for allegedly sexually abusing 12-year-old girl in 1965,https://pagesix.com/2021/08/16/bob-dylan-sued-for-allegedly-sexually-abusing-12-year-old-in-1965/,Page Six,Bob Dylan,40
2021-08-16,How ‘The White Lotus’ Creator Mike White Picked His Finale Victim,http://www.thewrap.com/white-lotus-who-died-armond-why-murdered-shane-mike-white/,TheWrap,White Lotus,40
2021-08-16,Live updates: Biden to address nation on Afghanistan withdrawal; 7 killed at Kabul airport amid chaos,https://billingsgazette.com/news/national/live-updates-biden-to-address-nation-on-afghanistan-withdrawal-7-killed-at-kabul-airport-amid/article_d877ba34-ff98-5d41-ab9e-fcd43d310313.html,Billings Gazette,CNN live,93
2021-08-16,Streamer accidentally discovers new Metal Gear Solid speedrunning skip by getting blasted through a door,https://www.destructoid.com/metal-gear-solid-speedrun-boba-discovery-kevin/,Destructoid,Snake,4
2021-08-16,"Soccer-Barca can escape financial hole in 18 months, president says - Reuters",https://www.reuters.com/lifestyle/sports/soccer-barca-can-escape-financial-hole-18-months-president-says-2021-08-16/,Reuters,Barcelona,4
2021-08-16,GOP Sen. Rick Scott brings up 25th Amendment while criticizing Biden's Afghanistan exit,https://theweek.com/joe-biden/1003783/gop-sen-rick-scott-brings-up-25th-amendment-while-criticizing-bidens-afghanistan,The Week Magazine,25th Amendment,5
2021-08-16,CNN Nukes Ted Cruz For Criticizing Reporter On The Ground In Kabul,https://dailycaller.com/2021/08/16/cnn-responds-ted-cruz-clarissa-ward-tweet-kabul-taliban/,The Daily Caller,CNN live,6
2021-08-16,Top 10 Best long necklaces for women Reviews,https://thatsnerdalicious.com/top-10-best-long-necklaces-for-women-reviews/,Thatsnerdalicious.com,Snake,7
2021-08-16,Demario Davis finds his spot on the NFL Network Top 100 Players of 2021,https://saintswire.usatoday.com/2021/08/16/demario-davis-finds-his-spot-on-the-nfl-network-top-100-players-of-2021/,USA Today,NFL Top 100 Players of 2021,10
2021-08-16,Nine Super League rebels rejoin European Club Association,http://www.euractiv.com/section/economy-jobs/news/nine-super-league-rebels-rejoin-european-club-association/,EURACTIV,Barcelona,10
2021-08-16,Debra Winger quit ‘A League of Their Own’ after Madonna was cast,https://www.https://pagesix.com/2021/08/15/why-debra-winger-dropped-out-of-a-league-of-their-own/,Www.https,Madonna,13
2021-08-16,Madonna Brings Entire Catalog to Warner Music as Part of New ‘Career-Spanning Partnership’,https://variety.com/2021/music/news/madonna-catalog-warner-music-1235042012/,Variety,Madonna,14
2021-08-16,Barcelona news: President Joan Laporta reveals extent of club's financial woes after Lionel Messi departure,https://www.cbssports.com/soccer/news/barcelona-news-president-joan-laporta-reveals-extent-of-clubs-financial-woes-after-lionel-messi-departure/,CBS Sports,Barcelona,14
2021-08-16,'Top 100 Players of 2021': Lavonte David No. 43,https://sports.yahoo.com/top-100-players-2021-lavonte-020905013.html,Yahoo Entertainment,NFL Top 100 Players of 2021,22
2021-08-16,"Tropical Storm Henri could form soon, Fred forecast to hit Florida, Grace menaces Haiti",https://news.yahoo.com/tropical-storm-henri-could-form-113941388.html,Yahoo Entertainment,Tropical storm warning,23
2021-08-16,"Cardi B Defends Lizzo After She Breaks Down In Tears Over Racist, Body-Shaming Comments - Access Hollywood",https://www.accessonline.com/videos/cardi-b-defends-lizzo-after-she-breaks-down-in-tears-over-racist-body-shaming-comments,Access,Lizzo,29
2021-08-16,Call Of Duty: Vanguard Official Reveal Dropping August 19 In Warzone,https://www.gamespot.com/articles/call-of-duty-vanguard-official-reveal-dropping-august-19-in-warzone/1100-6495194/,GameSpot,Call of Duty: Vanguard,35
2021-08-16,US Women's National Team Legend Carli Lloyd Announces Retirement - U.S. Soccer,https://www.ussoccer.com/stories/2021/08/uswnt-legend-carli-lloyd-announces-retirement,U.S. Soccer,Carli Lloyd,37
2021-08-16,Bob Dylan sued for allegedly sexually abusing 12-year-old girl in 1965,https://pagesix.com/2021/08/16/bob-dylan-sued-for-allegedly-sexually-abusing-12-year-old-in-1965/,Page Six,Bob Dylan,40
2021-08-16,How ‘The White Lotus’ Creator Mike White Picked His Finale Victim,http://www.thewrap.com/white-lotus-who-died-armond-why-murdered-shane-mike-white/,TheWrap,White Lotus,40
2021-08-16,Live updates: Biden to address nation on Afghanistan withdrawal; 7 killed at Kabul airport amid chaos,https://billingsgazette.com/news/national/live-updates-biden-to-address-nation-on-afghanistan-withdrawal-7-killed-at-kabul-airport-amid/article_d877ba34-ff98-5d41-ab9e-fcd43d310313.html,Billings Gazette,CNN live,93
2021-08-17,"Hope Solo Says Megan Rapinoe Would ""Almost Bully"" Players Into Kneeling for National Anthem",https://www.eonline.com/news/1299188/hope-solo-says-megan-rapinoe-would-almost-bully-players-into-kneeling-for-national-anthem,Eonline.com,Hope Solo,4
2021-08-17,US experts expected to recommend COVID-19 vaccine boosters at 8 months - WLKY Louisville,https://www.wlky.com/article/us-experts-to-recommend-covid-19-vaccine-boosters-at-8-months/37323274,WLKY Louisville,COVID booster shot,4
2021-08-17,Soccer-Lewandowski double downs Dortmund as Bayern Munich win Super Cup,https://www.channelnewsasia.com/sport/soccer-lewandowski-double-downs-dortmund-bayern-munich-win-super-cup-2119466,CNA,Bayern Munich,4
2021-08-17,"Texas Gov. Greg Abbott, who banned mask mandates, tests positive for COVID-19",https://www.businessinsider.com/tx-gov-greg-abbott-has-a-breakthrough-infection-covid-19-2021-8,Business Insider,Greg Abbott,5
2021-08-17,Borussia Dortmund vs Bayern Munich live stream: How to watch German Super Cup online and on TV tonight,https://www.independent.co.uk/sport/football/borussia-dortmund-bayern-munich-live-stream-b1903205.html,Independent,Bayern Munich,5
2021-08-17,Bob Dylan sued for alleged sexual abuse of minor,https://www.dw.com/en/bob-dylan-sued-for-alleged-sexual-abuse-of-minor/a-58882387,DW (English),Bob Dylan,5
2021-08-17,"Jaguars cut Tim Tebow, ending his NFL return after one preseason game",https://www.nbcnews.com/news/us-news/jacksonville-jaguars-cut-tim-tebow-ending-his-nfl-return-after-n1276992,NBC News,Tim Tebow,6
2021-08-17,Sources: US to recommend COVID vaccine boosters at 8 months,https://news.yahoo.com/sources-us-recommend-covid-vaccine-042108268.html,Yahoo Entertainment,COVID booster shot,6
2021-08-17,Britney Spears Explains Reason for Posting Topless Photos,https://www.tmz.com/2021/08/17/britney-spears-explains-reason-for-posting-topless-photos/,TMZ,Britney Spears,10
2021-08-17,Texas Gov. Greg Abbott tests positive for Covid,https://www.politico.com/news/2021/08/17/texas-greg-abbott-covid-positive-505676,Politico,Greg Abbott,10
2021-08-17,"Tim Tebow Cut by Jacksonville Jaguars, Ending NFL Comeback Attempt",https://www.breitbart.com/sports/2021/08/17/tim-tebow-cut-by-jacksonville-jaguars-ending-nfl-comeback-attempt/,Breitbart News,Tim Tebow,11
2021-08-17,Texas Governor Abbott tests positive for COVID-19,https://news.yahoo.com/texas-governor-abbott-tests-positive-210408125.html,Yahoo Entertainment,Greg Abbott,11
2021-08-17,Bob Dylan Sued For Allegedly Sexually Abusing 12-Year-Old Girl In 1965,https://www.ndtv.com/world-news/bob-dylan-sued-for-allegedly-sexually-abusing-12-year-old-girl-in-1965-2512054,NDTV News,Bob Dylan,33
2021-08-18,Texas Governor Greg Abbott tests positive for COVID-19,https://www.cbsnews.com/news/greg-abbott-covid-19-positive-texas-governor/,CBS News,Greg Abbott,4
2021-08-18,DeSantis Top Donor Invests in COVID Drug Governor Promotes,https://www.snopes.com/ap/2021/08/17/desantis-florida-covid-regeneron/,Snopes.com,Regeneron,4
2021-08-18,Devastating wildfires advancing through Northern California,https://phys.org/news/2021-08-devastating-wildfires-advancing-northern-california.html,Phys.Org,Caldor Fire,4
2021-08-18,A Texas School Made Masks Part Of Its Dress Code To Get Around Gov. Abbott's Ban,https://www.npr.org/sections/back-to-school-live-updates/2021/08/18/1028760318/paris-texas-school-district-mandate-masks-dress-code-gov-abbott-ban,NPR,Greg Abbott,4
2021-08-18,Texas School District Adds Masks To Dress Code To Bypass Governor’s Ban,https://dailycaller.com/2021/08/18/texas-school-district-masks-dress-code-greg-abbott-ban/,The Daily Caller,Greg Abbott,4
2021-08-18,What We Know About COVID-19 Booster Shots,http://www.thecut.com/2021/08/covid-19-booster-shots-what-we-know.html,The Cut,COVID booster shot,4
2021-08-18,Opening statements begin today in R. Kelly racketeering and sex trafficking trial,https://www.cbsnews.com/video/opening-statements-begin-today-in-r-kelly-racketeering-and-sex-trafficking-trial/,CBS News,R. Kelly,4
2021-08-18,US health officials call for booster shots against COVID-19,https://www.aljazeera.com/news/2021/8/18/us-health-officials-call-for-booster-shots-against-covid-19,Al Jazeera English,COVID booster shot,4
2021-08-18,Carrie Underwood faces backlash after liking anti-mask tweet,https://thehill.com/blogs/in-the-know/in-the-know/568454-carrie-underwood-faces-backlash-after-liking-anti-mask-tweet,The Hill,Carrie Underwood,4
2021-08-18,Olympian auctions Tokyo medal for infant's life-saving heart surgery,https://www.knopnews2.com/2021/08/18/olympian-auctions-tokyo-medal-infants-life-saving-heart-surgery/,Knopnews2.com,Maria Andrejczyk,5
2021-08-18,Tigers analyst Jack Morris suspended for racist comments made about Shohei Ohtani,https://www.cbc.ca/sports/baseball/mlb/mlb-jack-morris-detroit-tigers-suspended-racist-comments-shohei-ohtani-1.6145487,CBC News,Jack Morris,5
2021-08-18,"Bryan Cranston, Liev Schreiber, and Jeffrey Wright Join Wes Anderson’s Next Movie",https://consequence.net/2021/08/liev-schreiber-bryan-cranston-jeffrey-wright-hope-davis-wes-anderson-movie/,Consequence.net,Scarlett Johansson,5
2021-08-18,U.S. to start offering COVID-19 vaccine booster doses in September,https://news.yahoo.com/u-start-offering-covid-19-143330051.html,Yahoo Entertainment,COVID booster shot,5
2021-08-18,"NFL roster cuts 2021: Key dates for preseason moves, Ravens size",https://sports.yahoo.com/nfl-roster-cuts-2021-key-173526901.html,Yahoo Entertainment,Tim Tebow,7
2021-08-18,R. Kelly prosecutor says this case is 'about a predator' as sex-abuse trial opens,https://www.nbcnews.com/news/us-news/r-kelly-prosecutor-says-case-about-predator-sex-abuse-trial-n1277090,NBC News,R. Kelly,20
2021-08-18,Sean Lock: Comedian and 8 Out of 10 Cats captain dies aged 58,https://www.bbc.co.uk/news/entertainment-arts-58254859,BBC News,Sean Lock,23
2021-08-18,Surprise! Scarlett Johansson and Colin Jost welcome first child together: 'We had a baby',https://www.usatoday.com/story/entertainment/celebrities/2021/08/18/scarlett-johansson-colin-jost-welcome-first-child-together/8184002002/,USA Today,Scarlett Johansson,27
2021-08-19,Carl Lawson carted off field at Jets-Packers joint practice,https://sports.yahoo.com/carl-lawson-carted-off-field-163349894.html,Yahoo Entertainment,Carl Lawson,4
2021-08-19,Epic New Trailer For Marvel's ETERNALS!,https://geektyrant.com/news/epic-new-trailer-for-marvels-eternals,GeekTyrant,Eternals,4
2021-08-19,"Goodbye FastPass and MaxPass, hello Disney Genie. Disney parks overhaul ride reservations - Yahoo News",https://slashdot.org/firehose.pl?op=view&amp;id=150582237,Slashdot.org,Disney Genie,4
2021-08-19,Call of Duty: Warzone will finally get a new anti-cheat system this year,https://www.pcgamer.com/cod-warzone-new-anti-cheat-coming-this-year/,PC Gamer,Call of Duty: Vanguard,4
2021-08-19,"First Call of Duty: Vanguard Trailer, Modes, and Release Date Revealed",https://comicbook.com/gaming/news/call-of-duty-vanguard-trailer-release-date-modes/,ComicBook.com,Call of Duty: Vanguard,4
2021-08-19,Call of Duty: Vanguard's Zombies Mode Is Being Developed by Treyarch,https://comicbook.com/gaming/news/call-of-duty-vanguard-zombies-treyarch/,ComicBook.com,Call of Duty: Vanguard,4
2021-08-19,‘American Horror Stories’ Finale Recap: ‘Game Over’ Goes Super Meta With Yet Another Return to Murder House,https://variety.com/2021/tv/recaps/american-horror-stories-finale-recap-game-over-murder-house-meta-1235044675/,Variety,The Night House,5
2021-08-19,"Bombing hits Pakistan Shiite procession, killing at least 3",https://www.thestar.com/news/world/asia/2021/08/19/explosion-hits-pakistan-shiite-procession-some-30-wounded.html,Toronto Star,Ashura,5
2021-08-19,Tensions over aid grow in Haiti as quake's deaths pass 2K,https://www.independent.co.uk/news/haiti-one-aid-schools-caribbean-b1905036.html,Independent,Hurricane Grace,6
2021-08-19,Hurricane Grace makes landfall near Mexico's Tulum temples...,https://apnews.com/article/lifestyle-travel-mexico-caribbean-hurricanes-ac7fbf17a36e7983b14645d909fa117e,Associated Press,Hurricane Grace,7
2021-08-19,"Iranian fuel oil shipment for Lebanon to sail within hours, Hezbollah says",https://english.alarabiya.net/News/middle-east/2021/08/19/Iranian-fuel-oil-shipment-for-Lebanon-to-sail-within-hours-Hezbollah-says-,Alarabiya.net,Ashura,8
2021-08-19,Marvel Studios' Final Trailer for Eternals Has Just Dropped (VIDEO),https://bleedingcool.com/movies/marvel-studios-final-trailer-eternals-has-just-dropped-video/,Bleeding Cool News,Eternals,9
2021-08-19,Scarlett Johansson and Colin Jost welcome baby boy,https://www.marca.com/en/lifestyle/2021/08/19/611e2c7746163ff1988b4641.html,Marca,Scarlett Johansson,11
2021-08-19,Hurricane Grace heads toward hit on Mexico’s Caribbean coast,https://www.bostonglobe.com/2021/08/18/world/hurricane-grace-heads-toward-hit-mexicos-caribbean-coast/,The Boston Globe,Hurricane Grace,17
2021-08-19,OnlyFans Will Ban All Sexually Explicit Content Starting in October,https://ohnotheydidnt.livejournal.com/121463736.html,Livejournal.com,OnlyFans,26
2021-08-19,ATTENTION T-MOBILE CUSTOMERS: Labaton Sucharow Pursuing Claims Against T-Mobile for Multiple Data Breaches,https://finance.yahoo.com/news/attention-t-mobile-customers-labaton-173000532.html,Yahoo Entertainment,T-Mobile data breach,27
2021-08-19,"Capitol Police Investigating Active Bomb Threat Near Library Of Congress, Man Claims He Has Explosives In Trunk",https://radaronline.com/p/bomb-threat-capitol-police-investigate-library-of-congress/,Radaronline.com,Library of Congress,53
2021-08-20,"What to watch with your kids: ‘Paw Patrol: The Movie,’ ‘Reminiscence’ and more",https://www.washingtonpost.com/goingoutguide/movies/what-to-watch-with-your-kids-paw-patrol-the-movie-reminiscence-and-more/2021/08/18/6b2b0734-fadc-11eb-943a-c5cf30d50e6a_story.html,The Washington Post,Paw Patrol Movie,4
2021-08-20,"GOP Rep. Mo Brooks tweeted a sympathetic statement about the Capitol bomb threat suspect, prompting one lawmaker to call him 'evil'",https://www.businessinsider.com/lawmakers-slammed-mo-brooks-statement-about-capitol-bomb-threat-suspect-2021-8,Business Insider,Floyd Ray Roseberry,4
2021-08-20,New Music Friday: The Top 8 Albums Out On Aug. 20,https://www.npr.org/2021/08/19/1029513744/new-music-friday-the-top-8-albums-out-on-aug-20,NPR,Lorde,5
2021-08-20,Judge denies woman restraining order against Dodgers’ Bauer,https://mlb.nbcsports.com/2021/08/19/judge-denies-woman-restraining-order-against-dodgers-bauer/,NBCSports.com,Trevor Bauer,6
2021-08-20,The Best Movies Leaving HBO Max in September 2021,https://www.slashfilm.com/the-best-movies-leaving-hbo-max-in-september-2021/,/FILM,Reminiscence,7
2021-08-20,Channing Tatum and Zoe Kravitz Spark New Dating Rumors in NYC: Pic,https://www.etonline.com/channing-tatum-and-zoe-kravitz-spark-new-dating-rumors-in-nyc-pic-170769,Entertainment Tonight,Zoe Kravitz,7
2021-08-20,"Chuck Close, painter of striking large-scale portraits, dies aged 81 - CNN",https://slashdot.org/firehose.pl?op=view&amp;id=150662687,Slashdot.org,Chuck Close,8
2021-08-20,Angelina Jolie joins Instagram to share letter from teenage girl in Afghanistan,https://www.usatoday.com/story/entertainment/celebrities/2021/08/20/angelina-jolie-joins-instagram-taliban-afghanistan-girl-letter/8212246002/,USA Today,Eternals,8
2021-08-20,Atari claims Soulja Boy does not own the company,https://thenextweb.com/news/soulja-boy-says-he-owns-atari-atari-says-now,The Next Web,Atari,10
2021-08-20,Lorde’s new album Solar Power – what the critics say,https://www.independent.ie/entertainment/music/lordes-new-album-solar-power-what-the-critics-say-40770375.html,Independent.ie,Lorde,10
2021-08-20,For the First Time Aaliyah’s Album ‘One in a Million’ Is Available On Streaming Platforms,http://www.okayplayer.com/music/aaliyah-one-in-a-million-album-stream.html,Okayplayer,Aaliyah,16
2021-08-20,Melissa Joan Hart reveals breakthrough COVID-19 diagnosis: ‘I just wish I’d done better’,https://www.foxnews.com/entertainment/melissa-joan-hart-breakthrough-covid-19-diagnosis,Fox News,Melissa Joan Hart,23
2021-08-20,"OnlyFans will ban ""sexually explicit'"" content in October",https://www.cbsnews.com/news/onlyfans-ban-sexually-explicit-content/,CBS News,OnlyFans,24
2021-08-20,Kendrick Lamar Says ‘See You Soon Enough’ With A Final TDE Album,http://www.mtv.com/news/3180154/kendrick-lamar-final-tde-album-announcement/,MTV News,Kendrick Lamar,30
2021-08-20,Tesla Bot: Elon Musk Reveals Humanoid Tesla Robot Which Is Apparently Not A Joke,https://www.forbes.com/sites/johnkoetsier/2021/08/20/tesla-bot-elon-musk-reveals-humanoid-tesla-robot-which-is-apparently-not-a-joke/,Forbes,Tesla Bot,33
2021-08-20,Man who claimed to have bomb near U.S. Capitol is charged,https://www.latimes.com/politics/story/2021-08-20/federal-prosecutors-charge-man-who-claimed-to-have-bomb-near-us-capitol,Los Angeles Times,Floyd Ray Roseberry,34
2021-08-20,"Kylie Jenner Is Pregnant, Expecting Second Child With Travis Scott!",http://www.justjared.com/2021/08/20/kylie-jenner-is-pregnant-expecting-second-child-with-travis-scott/,Just Jared,Kylie Jenner,42
2021-08-20,Mike Richards steps down as new 'Jeopardy!' host,https://goodmorningamerica.com/culture/story/mike-richards-steps-jeopardy-host-effective-immediately-79560134,GMA,Mike Richards,53
2021-08-21,Sha'Carri Richardson Finishes Last in 100m at Prefontaine Classic After Olympic Ban,https://bleacherreport.com/articles/10010802-shacarri-richardson-finishes-last-in-100m-at-prefontaine-classic-after-olympic-ban,Bleacher Report,Sha'Carri Richardson,3
2021-08-21,'Talk all the (expletive) you want': Sha'Carri Richardson sounds off after finishing last in Prefontaine Classic race,https://www.usatoday.com/story/sports/2021/08/21/shacarri-richardson-interview-race-finishes-ninth-prefontaine-classic/8231128002/,USA Today,Sha'Carri Richardson,3
2021-08-21,Viral footage of US Marine aiding baby captures Kabul chaos,https://www.rawstory.com/viral-footage-of-us-marine-aiding-baby-captures-kabul-chaos/,Raw Story,Baby,3
2021-08-21,Hugh Jackman shares his excitement for his new film Reminiscence and takes dig at Ryan Reynolds,https://www.dailymail.co.uk/tvshowbiz/article-9913803/Hugh-Jackman-shares-excitement-new-film-Reminiscence-takes-dig-Ryan-Reynolds.html,Daily Mail,Reminiscence,3
2021-08-21,Depay rescues draw for Barcelona in Bilbao,https://worldsoccertalk.com/2021/08/21/depay-rescues-draw-for-barcelona-in-bilbao/,Worldsoccertalk.com,Barcelona,4
2021-08-21,Europe fears Afghan refugee crisis after Taliban takeover - Associated Press,https://apnews.com/article/europe-middle-east-business-migration-taliban-6415008d9a07b57400691cc88a59a1fe,Associated Press,Barcelona,4
2021-08-21,CM Punk Sells Free Ice Cream Bars to Fans Attending AEW Rampage,https://comicbook.com/wwe/news/aew-cm-punk-sells-free-ice-cream-bars-fans-attending-aew-rampage-united-center/,ComicBook.com,CM Punk,5
2021-08-21,"How to see a blue moon in East Asian skies this weekend: when the phenomenon will occur, what to expect, and which places will have the best view",https://www.scmp.com/lifestyle/travel-leisure/article/3145299/how-see-blue-moon-east-asian-skies-weekend-when-phenomenon,Post Magazine,Full moon August 2021,6
2021-08-21,‘Free Guy’ Holds On to No. 1 on Quiet Box Office Weekend,http://www.thewrap.com/free-guy-holds-on-to-no-1-on-quiet-box-office-weekend/,TheWrap,PAW Patrol movie,10
2021-08-21,Patagonia cut ties with a Wyoming ski resort after the owner hosted a GOP fundraiser featuring Rep. Marjorie Taylor Greene and other Trump supporters,https://www.businessinsider.com/patagonia-cut-ties-with-wyoming-ski-resort-after-gop-fundraiser-2021-8,Business Insider,Patagonia,13
2021-08-21,Mike Richards Steps Down As New Host of ‘Jeopardy!’,https://hypebeast.com/2021/8/mike-richards-resigns-jeopardy-host,HYPEBEAST,Mike Richards,20
2021-08-21,CM Punk Makes Long-Awaited Return to Wrestling at AEW Rampage,https://tvline.com/2021/08/20/cm-punk-returns-aew-rampage-tnt-wrestling-retirement/,TVLine,CM Punk,37
2021-08-21,Hurricane Henri: What to Know as Rare Storm Heads North,https://www.bloomberg.com/news/articles/2021-08-21/tropical-weather-what-to-know-as-henri-heads-up-north,Bloomberg,Hurricane Henri,67
2021-08-21,"Tom T. Hall, country singer and 'Harper Valley P.T.A.' composer, dead at 85 - Fox News",https://slashdot.org/firehose.pl?op=view&amp;id=150695223,Slashdot.org,Tom T. Hall,71
2021-08-21,Confirmed Liverpool lineup vs. Burnley: Elliott makes 1st Premier League start,https://www.thisisanfield.com/2021/08/confirmed-liverpool-lineup-vs-burnley-elliott-makes-1st-premier-league-start/,This Is Anfield,Liverpool vs Burnley,87
2021-08-22,Soccer-Returning hero Lukaku sets Chelsea on way to 2-0 win at Arsenal,https://news.yahoo.com/soccer-returning-hero-lukaku-sets-173512139.html,Yahoo Entertainment,Chelsea,3
2021-08-22,Woman slaps man in the face in wild fight at Steelers game,https://nypost.com/2021/08/22/woman-slaps-man-in-the-face-in-wild-steelers-game-fight/,New York Post,Steelers,3
2021-08-22,UFC Vegas 34 post-fight press conference video,https://www.mmafighting.com/2021/8/22/22636070/ufc-vegas-34-post-fight-press-conference-video,MMA Fighting,UFC,3
2021-08-22,Miami Dolphins roster bubble: Who hurt their cause in Week 2?,https://dolphinswire.usatoday.com/2021/08/21/miami-dolphins-roster-bubble-who-hurt-their-cause-in-week-2/,USA Today,Atlanta Falcons,3
2021-08-22,Civil rights leader Jesse Jackson hospitalized with COVID-19,https://thehill.com/blogs/blog-briefing-room/news/568889-civil-rights-leader-jesse-jackson-hospitalized-with-covid-19,The Hill,Rev. Jesse Jackson,3
2021-08-22,Miguel Cabrera hits 500th career home run,https://mlb.nbcsports.com/2021/08/22/miguel-cabrera-detroit-tigers-500-career-home-run/,NBCSports.com,Miguel Cabrera,3
2021-08-22,"Miguel Cabrera hits 500th career homer, Tigers beat Blue Jays 5-3 in 11",https://www.denverpost.com/2021/08/22/miguel-cabrera-tigers-blue-jays/,The Denver Post,Miguel Cabrera,3
2021-08-22,Rev. Jesse Jackson and his wife have been hospitalized after testing positive for Covid-19 - CNN,https://slashdot.org/firehose.pl?op=view&amp;id=150744139,Slashdot.org,Rev. Jesse Jackson,3
2021-08-22,Conservative Radio Host Phil Valentine Dies After COVID-19 Illness,https://www.huffpost.com/entry/radio-phil-valentine-dead-coronavirus-hospitalized_n_6122445ee4b0caf7ce3170e3,HuffPost,Phil Valentine,3
2021-08-22,"Phil Valentine, conservative talk show host, dies after battle with COVID-19",https://www.4029tv.com/article/phil-valentine-conservative-talk-show-host-dies-after-battle-with-covid-19/37365213,4029tv,Phil Valentine,4
2021-08-22,Arsenal vs Chelsea live stream: How to watch Premier League fixture online and on TV today,https://www.independent.co.uk/sport/football/arsenal-chelsea-live-stream-online-b1906501.html,Independent,Chelsea,4
2021-08-22,Tennessee Titans head coach Mike Vrabel tests positive for COVID-19,https://touchdownwire.usatoday.com/2021/08/22/tennessee-titans-head-coach-mike-vrabel-tests-positive-for-covid-19/,USA Today,Tennessee Titans,6
2021-08-22,"Arsenal vs Chelsea LIVE: Premier League team news, line-ups and more today",https://www.independent.co.uk/sport/football/arsenal-chelsea-live-stream-premier-league-2021-b1906724.html,Independent,Chelsea,6
2021-08-22,Everly Brothers’ Don Everly Dead At 84,https://www.stereogum.com/2158260/everly-brothers-don-everly-dead-at-84/news/,Stereogum,Don Everly,10
2021-08-22,At Least 10 Killed in Tennessee Flash Floods and Dozens More Are Missing,https://time.com/6092004/tennessee-flash-floods/,Time,"WAVERLY, TN",12
2021-08-22,"Phil Valentine, Conservative Radio Host Who Regretted Vaccine Skepticism, Dies of COVID",https://slate.com/news-and-politics/2021/08/phil-valentine-conservative-radio-host-covid-vaccine.html,Slate Magazine,Phil Valentine,16
2021-08-22,"Rev. Jesse Jackson, Wife Jacqueline Hospitalized for Covid",https://www.bloomberg.com/news/articles/2021-08-21/rev-jesse-jackson-wife-jacqueline-hospitalized-for-covid,Bloomberg,Rev. Jesse Jackson,22
2021-08-22,Don Everly of early rock ‘n’ roll Everly Brothers dies at 84,https://www.independent.co.uk/news/don-jerry-lee-lewis-nashville-chicago-los-angeles-times-b1906838.html,Independent,Don Everly,23
2021-08-23,Eric Stonestreet is engaged to fiancée Lindsay Schweitzer,https://www.cnn.com/2021/08/23/entertainment/eric-stonestreet-engagement-trnd/index.html,CNN,Eric Stonestreet,4
2021-08-23,Chrissy Teigen says she was ‘basically a functioning alcoholic’ while reminiscing about early John Legend days,https://www.foxnews.com/entertainment/chrissy-teigen-functioning-alcoholic-reminiscing-early-john-legend,Fox News,Chrissy Teigen,4
2021-08-23,Kyle Shanahan still won’t name 49ers’ starting QB for Week 1,https://ninerswire.usatoday.com/2021/08/22/49ers-starting-qb-lions-trey-lance-jimmy-garoppolo-kyle-shanahan/,USA Today,49ers,4
2021-08-23,Chrissy Teigen Says She Hasn't 'Fully Processed' the Loss of Her Baby Son Jack,https://www.newsweek.com/chrissy-teigen-hasnt-fully-processed-loss-her-baby-son-jack-1621927,Newsweek,Chrissy Teigen,5
2021-08-23,Jake Paul on Myles Garrett Possibly Fighting His Brother Logan: 'Stick to Football',https://bleacherreport.com/articles/10010895-jake-paul-on-myles-garrett-possibly-fighting-his-brother-logan-stick-to-football,Bleacher Report,Cleveland Browns,5
2021-08-23,Argentina call up Messi for World Cup qualifier against Neymar’s Brazil,https://worldsoccertalk.com/2021/08/23/argentina-call-up-messi-for-world-cup-qualifier-against-neymars-brazil/,Worldsoccertalk.com,Real Madrid,5
2021-08-23,Everything we know about Chargers’ loss to 49ers in preseason Week 2,https://chargerswire.usatoday.com/2021/08/22/los-angeles-chargers-san-francisco-49ers-recap-preseason-week-2/,USA Today,49ers,6
2021-08-23,Champions League: Who can Chelsea face in group stage draw?,https://www.independent.co.uk/sport/football/chelsea-champions-league-group-stage-draw-b1907071.html,Independent,Real Madrid,6
2021-08-23,‘Modern Family’ Star Eric Stonestreet Gets Engaged To Girlfriend Lindsay Schweitzer,https://etcanada.com/news/812164/modern-family-star-eric-stonestreet-gets-engaged-to-girlfriend-lindsay-schweitzer/,ETCanada.com,Eric Stonestreet,8
2021-08-23,Vanessa Bryant Honors Husband Kobe on What Would've Been His 43rd Birthday,https://www.eonline.com/news/1299793/vanessa-bryant-honors-husband-kobe-on-what-wouldve-been-his-43rd-birthday,Eonline.com,Kobe Bryant,10
2021-08-23,Don Everly of early rock ‘n’ roll Everly Brothers dies at 84,https://wgntv.com/news/deans-list/don-everly-of-early-rock-n-roll-everly-brothers-dies-at-84/,WGN TV Chicago,Don Everly,11
2021-08-23,"After Tennessee flooding, 22 dead and dozens still missing",https://news.yahoo.com/still-looking-dozens-missing-record-131537026.html,Yahoo Entertainment,Tennessee flooding,14
2021-08-23,Former NHL player Jimmy Hayes dies at 31,https://www.today.com/news/jimmy-hayes-boston-college-star-who-played-nhl-dies-t228933,TODAY,Jimmy Hayes,26
2021-08-23,FDA grants full approval to Pfizer-BioNTech Covid vaccine,https://indianexpress.com/article/world/pfizer-covid-vaccine-fda-approval-7467122/,The Indian Express,Pfizer vaccine,28
2021-08-23,"It’s not your spider-sense acting up, the Spider-Man: No Way Home trailer leaked - The A.V. Club",https://slashdot.org/firehose.pl?op=view&amp;id=150801129,Slashdot.org,Spider-Man: No Way Home,48
2021-08-23,Netflix’s ‘Cowboy Bebop’ Live-Action Series Sets Premiere Date; John Cho As Spike Spiegel Unveiled In First Look Images,https://deadline.com/2021/08/netflix-cowboy-bebop-premiere-date-john-cho-spike-spiegel-first-look-images-1234819040/,Deadline,Cowboy Bebop,50
2021-08-24,Meghalt Charlie Watts,https://index.hu/kultur/2021/08/24/meghalt-charlie-watts/,Index.hu,Charlie Watts,4
2021-08-24,Steph Curry’s parents divorcing after 33 years of marriage,https://nypost.com/2021/08/24/sonya-and-dell-curry-divorcing-after-33-years-of-marriage/,New York Post,Steph Curry,4
2021-08-24,'Buffy' actor Nicholas Brendon arrested in Indiana on drug-related charges,https://news.yahoo.com/buffy-actor-nicholas-brendon-arrested-195709165.html,Yahoo Entertainment,Nicholas Brendon,4
2021-08-24,Tokyo Paralympics opening ceremony – in pictures,https://www.theguardian.com/sport/gallery/2021/aug/24/tokyo-paralympics-opening-ceremony-in-pictures,The Guardian,Paralympics,4
2021-08-24,Tony Finau ends 5-year drought with Northern Trust victory,https://www.cbc.ca/sports/golf/pga-golf-tony-finau-wins-northern-trust-1.6150863,CBC News,NORTHERN TRUST GOLF,4
2021-08-24,"2021 BMW Championship odds: FedEx Cup Playoffs picks, predictions from model that's nailed seven majors",https://www.cbssports.com/golf/news/2021-bmw-championship-odds-fedex-cup-playoffs-picks-predictions-from-model-thats-nailed-seven-majors/,CBS Sports,NORTHERN TRUST GOLF,4
2021-08-24,Why Pfizer's FDA Approval Matters And What It Means For Vaccine Mandates,https://www.npr.org/sections/coronavirus-live-updates/2021/08/24/1030267314/pfizer-vaccine-covid-fda-approval-kids-faq-mandate,NPR,Pfizer vaccine,5
2021-08-24,Netflix's live-action 'Cowboy Bebop' series arrives on November 19th,http://www.madshrimps.be/news/item/207937?utm_source=feedburner&utm_medium=feed&utm_campaign=Feed%3A+madshrimps+%28Madshrimps+News+RSS+Feed%29,Madshrimps.be,Cowboy Bebop,9
2021-08-24,Tributes paid to former NHL player Jimmy Hayes after his death at 31: ‘We lost our brother today’,https://www.independent.co.uk/news/world/americas/nhl-jimmy-hayes-death-penguins-b1907827.html,Independent,Jimmy Hayes,12
2021-08-24,Mayim Bialik To Guest Host ‘Jeopardy!’ Following Mike Richards’ Resignation,https://www.huffpost.com/entry/tv-jeopardy-host-mayim-bialik_n_6124acb3e4b0ee6469b9199e,HuffPost,Mayim Bialik,15
2021-08-24,Proud Boys Leader Enrique Tarrio Sentenced To 6 Months In Prison For Burning BLM Flag,https://dailycaller.com/2021/08/23/proud-boys-leader-sentenced-6-months-prison-burning-black-lives-matter-flag-florida-washington-dc/,The Daily Caller,Enrique Tarrio,17
2021-08-24,Here’s The Official Spider-Man: No Way Home Trailer,https://www.kotaku.com.au/2021/08/heres-the-official-spider-man-no-way-home-trailer/,Kotaku Australia,Shang-Chi,18
2021-08-24,Destiny 2 Witch Queen Expansion Seemingly Coming in February 2022,https://www.ign.com/articles/destiny-2-witch-queen-expansion-seemingly-coming-february-2022,IGN,Destiny 2,33
2021-08-24,"Kathy Hochul, New York's First Female Governor, Promises She's 'Up to the Task'",https://www.newsweek.com/kathy-hochul-new-yorks-first-female-governor-promises-shes-task-1622474,Newsweek,Kathy Hochul,35
2021-08-24,Kamala Harris' flight to Vietnam delayed for three hours because of 'health incident' linked to Havana Syndrome,https://www.the-sun.com/news/3532053/kamala-harris-vietnam-flight-delayed/,The-sun.com,Havana Syndrome,53
2021-08-24,Rolling Stones Drummer Charlie Watts Dead At 80,https://www.stereogum.com/2158513/rolling-stones-drummer-charlie-watts-dead-at-80/news/,Stereogum,Charlie Watts,74
